{"products":[{"id":"0.01950705963086441","qty":3}],"totalPrice":59.97000000000001}